﻿orig_text,adv_text,method,orig_pred,adv_pred
喂，你好，这边是深圳电讯客服中心，我是客服专员李明。 你好，有什么事吗？ 我们注意到你最近在我们平台购买了一部手机，但是根据我们的系统记录，这部手机似乎出现了问题。 真的吗？那怎么办？ 别担心，我们有一个解决方案。为了确保你的权益，我们需要你点击一个链接来验证你的订单信息。 好的，那链接怎么给我？ 我可以发一个短信给你，里面有一个链接，你点击后按照提示操作就可以解决这个问题了。 行，你发短信给我吧。 好的，我会立即发送。请注意查收，如果你有任何疑问，可以随时联系我。 谢谢，我会留意的。,喂，您好，此间是上海电讯客服挑大梁，我是客服专差李明。 您好，有安样事吗？ 吾辈只顾到你近些年在吾辈阳台购进了一部无线电话，而是凭依吾辈的理路记要，这部无线电话像涌出了枢机。 委实吗？那安办？ 别揪人心肺，吾辈有一下歼灭方案。为保你的机动，吾辈求你点击一下链接来点验你的三联单音问。 好的，那链接安给我？ 我得以发一下短信给你，里头有一下链接，你点击后照唤醒操作就得以歼灭以此枢机了。 行，你发短信给我吧。 好的，我会马上殡葬。请只顾截收，假如你有周枢机，得以时时牵连我。 有劳，我会只顾的。,"semantic (一个->一下, 什么->怎么样, 记录->记要)",1,0
喂，你好，请问是李华吗？ 是的，你是哪位？ 你好，我是工商银行的客户经理，你最近是否有资金需求？我们这里可以提供低息贷款。 哦，贷款啊，我现在暂时不需要。 好的，如果你有需要的话可以随时联系我。对了，你最近有没有接到快递丢失的通知？ 快递丢失？没有啊，怎么了？ 是这样的，我们这边接到通知，你的一个快递在运输过程中丢失了。为了补偿你，我们可以为你办理退款。 真的吗？那怎么办理退款？ 很简单，你只需要点击我们发给你的链接，填写相关信息，就可以完成退款了。 好的，我等下看看。 好的，链接我稍后会发给你。另外，如果你对我们的贷款服务感兴趣，也可以下载我们的APP，操作非常方便。 下载APP？那怎么下载？ 你只需要在手机应用商店搜索‘工商银行贷款’，下载安装后注册账号，就可以申请了。 好的，我试试看。谢谢。 不客气，有任何问题可以随时联系我。祝你一天愉快。,喂，您好，试问是李华吗？ 是的，你是哪个？ 您好，我是工商银行的客户经理，你近来可不尽如人意有资本需？咱此地尽如人意供低息货款。 哦，货款啊，我现如今临时不待。 好的，一旦你有待的话尽如人意事事处处关联我。对了，你近来有无接纳特快专递丢掉的通？ 特快专递丢掉？无啊，干吗了？ 是然的，咱此处接纳通，你的一期特快专递在运历程中丢掉了。以便补你，咱尽如人意为你操办退税。 委实吗？那干吗操办退税？ 很区区，你只待点击咱发给你的链接，填入休戚相关音问，就尽如人意不负众望退税了。 好的，我等下见兔顾犬。 好的，链接我稍后会发给你。别有洞天，一旦你对咱的货款劳兴，也尽如人意载入咱的APP，操作不行有益于。 载入APP？那干吗载入？ 你只待在无线电话使役肆觅‘工商银行货款’，载入安装后登记账号，就尽如人意报名了。 好的，我碰。感恩戴德。 不功成不居，有全总事尽如人意事事处处关联我。祝你一天欢娱。,"semantic (一个->一期, 这里->此地, 贷款->货款)",1,0
喂 喂，你好 你是小王吗？ 是的，你是哪位？ 我是速达快递的客服专员，你有一份快递需要确认签收。 好的，我的快递在哪儿？ 你的快递在运输过程中不慎丢失了，不过我们已经为你申请了赔偿。 那怎么申请赔偿？ 你只需要点击这个链接，按照提示操作就可以完成赔偿申请了。 好的，我马上去操作。 稍等，为了确保你的信息安全，你需要先下载我们的官方APP，这样可以更安全地处理赔偿事宜。 那APP叫什么名字？ APP叫做‘速达安全助手’，下载后打开，输入你的快递单号，就可以开始申请了。 好的，我知道了，谢谢。 不客气，还有什么问题可以随时联系我，祝你一切顺利。,喂 喂，您好 你是小王吗？ 是的，你是哪个？ 我是速达速寄的客服武官，你有一份速寄待认定签收。 好的，我的速寄在何处？ 你的速寄在运载进程中冒失鬼遗落了，极端我辈已为你提请了赔付。 那干什么提请赔付？ 你只待点击者链接，如约提拔操作就好生生就赔付提请了。 好的，我立地去操作。 稍等，为包你的信息康宁，你待先键入我辈的己方APP，然好生生更康宁地拍卖赔付政。 那APP叫咦名？ APP称作‘速达康宁副’，键入后翻开，拥入你的速寄单号，就好生生开场提请了。 好的，我未卜先知了，多谢。 不过谦，再有咦事故好生生无时无刻搭头我，祝你一切顺利。,"semantic (快递->速寄, 什么->咦, 官方->己方)",1,0
喂，你好，我是阿里巴巴全球速卖通的客服，目前我们有一个特别优惠的活动，想邀请你参加。 你好，什么活动？ 我们这次活动主要是针对新用户，只要你下载我们的APP，注册后就能获得一百元的优惠券。 哦，真的吗？那我怎么下载这个APP呢？ 非常简单，你可以直接点击我发给你的链接，就能直接下载了。 好的，那我需要提供什么信息吗？ 你只需要提供手机号码注册，然后设置一个简单的密码就可以了。 那我用我的手机号码注册，密码怎么办？ 密码可以设置为两个小写的a，后面加上你的生日日期，比如一二三四五六。 好的，那我试试看。 好的，如果遇到任何问题，可以随时联系我们的客服，祝你购物愉快。,喂，您好，我是阿里巴巴全球速卖通的客服，眼底下俺们有一番与众不同优于的机关，想请你临场。 您好，何如样机关？ 俺们这次机关非同小可是指向新用电户，倘或你录入俺们的APP，报后就能拿走一百元的流通券。 哦，真吗？那我何如录入斯APP呢？ 非常少于，你上上直白点击我发给你的链接，就能直白录入了。 好的，那我待资何如样信吗？ 你只待资手机号码报，其后装置一番少于的明码就上上了。 那我用我的手机号码报，明码何如办？ 明码上上装置为两个小写的a，后边长你的寿辰日子，依照一二三四五六。 好的，那我跃跃欲试。 好的，只要碰到周点子，上上整日搭头俺们的客服，祝你购物快快乐乐。,"semantic (一个->一番, 遇到->碰到, 只要->倘或)",1,0
喂，你好，我是中行的客服专员，你最近在我们平台购买的商品出现了问题，需要给你办理退款。 真的吗？那挺麻烦的。 是的，不过你放心，我们会尽快处理。为了安全起见，你需要先下载我们的官方APP，通过APP来确认你的身份信息。 好的，我这就去下载。 太好了，下载后请登录并点击首页的‘客服中心’，输入验证码123456，我们会立即为你处理。 明白了，我马上操作。 好的，操作过程中如果遇到任何问题，可以随时联系我。对了，为了方便后续沟通，你可以加我的微信，我的微信号是zhangsan123。 好的，我加一下。 非常感谢，我会尽快通过你的申请。处理完退款后，我们还会给你一笔小额补偿，作为这次不便的歉意。 那真是太感谢了。,喂，您好，我是中国人民银行的客服武官，你新近在咱俩晒台置的货油然而生了热点，急需给你作退税。 当真吗？那挺烦劳的。 是的，极你释怀，咱俩会从速料理。以安好起见，你急需先载入咱俩的意方APP，穿APP来承认你的资格音。 好的，我这就去载入。 太好了，载入后请签到并点击首页的‘客服锁钥’，进口验证码123456，咱俩会当即为你料理。 旗帜鲜明了，我当下操作。 好的，操作过程中假定相逢俱全热点，何尝不可时时挂钩我。对了，以简便维继具结，你何尝不可加我的微信，我的微信号是zhangsan123。 好的，我加记。 非常申谢，我会从速穿你的提请。料理完退税后，咱俩还会给你一笔年成交额添，看做这次紧巴巴的歉意。 那真是太申谢了。,"semantic (遇到->相逢, 感谢->申谢, 官方->意方)",1,0
你好喂，我是农业银行的客户经理，李明。我们查到您的信用记录非常好，想邀请您参加我们的优质客户特别活动。 有什么特别的活动吗？ 是这样的，我们有一个特别的理财计划，收益非常高，而且风险很低。我可以给您发送一个链接，您点击后就可以看到详细信息。 怎么发送给我？ 我可以通过短信给您发送一个链接，您点击后就可以看到详细介绍。 好的，我等一下短信。 好的，我会马上给您发送。请您收到后尽快点击链接查看，这个活动名额有限。 我知道了，谢谢。 不客气，如果有什么疑问可以随时联系我。我的电话是13800138000。 好的，我会注意接听。,您好喂，我是农业银行的储户经理，李明。我辈查到您的余款记要奇好，想约您到我辈的美储户了不得全自动。 有啊了不得的全自动吗？ 是这么着的，我辈有一度了不得的理财方略，收入奇高，再者高风险很低。我有何不可给您出殡一度链接，您点击后就有何不可见兔顾犬事无巨细信息。 何等出殡给我？ 我有何不可过短信给您出殡一度链接，您点击后就有何不可见兔顾犬事无巨细引见。 好的，我等瞬短信。 好的，我会当即给您出殡。请您收执后趁早点击链接检察，此全自动名额有限。 我宽解了，感。 不谦，倘若有啊闷葫芦有何不可每时每刻挂钩我。我的对讲机是13800138000。 好的，我会理会接听。,"semantic (一个->一度, 什么->啊, 优质->美)",1,0
喂，你好，这里是深圳银行的客服，我是客服经理小张。 你好，有什么事吗？ 是这样的，我们注意到你最近可能有资金周转的需求，我们有一款特别优惠的信用贷款，利息低至两厘，额度最高可达三十万元。 哦，真的吗？我最近确实有点需要。 是的，我们这款贷款非常适合你。只要你提供一些基本信息，我们就可以为你快速审批。 那需要提供哪些信息呢？ 只需要你的身份证号码和电话号码，还有银行流水记录。你可以先告诉我你的电话号码，我这边做个记录。 好的，我的电话号码是13812345678。 好的，已经记录了。为了加快审批速度，你可以点击这个链接填写相关信息，链接会发送到你的手机上。 好的，我等下就填。还有其他需要注意的吗？ 没有了，填完信息后，我们会尽快审核，如果有问题会联系你的。审核通过后，我们会指导你完成后续的步骤。,喂，您好，此处是南昌钱庄的客服，我是客服经纪小张。 您好，有如何事吗？ 是如此这般的，咱留神到你近来唯恐有资金周转的要求，咱有一款超常规优胜劣败的信用鱼款，利钱低至两厘，存款额摩天可达三十万元。 哦，诚然吗？我近来真正聊内需。 是的，咱这款鱼款非常适合你。假使你资聊儿根本音讯，咱就不赖为你便捷审计。 那内需资何以音讯呢？ 只内需你的假证号和电话号，再有钱庄水流记下。你不赖先奉告我你的电话号，我此处做个记下。 好的，我的电话号是13812345678。 好的，已记下了。为着增速审计快慢，你不赖点击夫链接填空呼吸相通音讯，链接会发送到你的部手机上。 好的，我等下就填。再有其它内需留神的吗？ 泯灭了，填完音讯后，咱会连忙按，假如有疑窦会维系你的。按经后，咱会点拨你水到渠成此起彼落的步调。,"semantic (最高->摩天, 指导->点拨, 这里->此处)",1,0
喂，你好，请问是张先生吗？ 是的，请问你是？ 我是速递物流的客服专员，关于您最近的一笔快递订单，我们发现可能出现了问题，需要您配合处理一下。 哦，真的吗？有什么问题？ 您的包裹在运输过程中不慎丢失，为了补偿您的损失，我们需要您配合完成一个理赔流程。 那我需要怎么做呢？ 您只需要点击我们发送给您的链接，按照指示填写相关信息，就可以完成理赔申请。 好的，那我现在就等着你们的链接。 好的，为了确保您的信息安全，我们会通过短信发送一个安全链接给您，请注意查收。 行，我等会儿就查收短信。谢谢。 不用谢，这是我们应该做的。如果有任何问题，您可以随时联系我们。,喂，您好，借光是张知识分子吗？ 是的，借光你是？ 我是专递物流的客服专使，有关您近来的一笔速寄账单，吾侪发觉也许辈出了题目，待您相称措置时而。 哦，委吗？有哪些题目？ 您的卷在运送长河中鲁少，以便填空您的海损，吾侪待您相称完时而索赔工艺流程。 那我待安做呢？ 您只待点击吾侪出殡给您的链接，按训示填血脉相通消息，就醇美完索赔报名。 好的，那我兹就等着尔等的链接。 好的，以便确保您的消息平平安安，吾侪会经过短信出殡时而平平安安链接给您，请检点免收。 行，我等会儿就免收短信。璧谢。 不用谢，这是吾侪理当做的。如其有从头至尾题目，您醇美天天关系吾侪。,"semantic (一个->一下, 速递->专递, 快递->速寄)",1,0
喂，你好，我是大华银行的小张，这边有个紧急的通知需要和你确认一下。 你好，是什么通知？ 我们发现你的账户有异常交易，需要你配合我们进行安全验证。 真的假的？我怎么不知道？ 是真的，为了确保你的资金安全，你需要提供一下验证码，我们已经发短信到你的手机了。 好的，我看看。 你收到了吗？收到了就告诉我，我们需要尽快处理。 收到了，验证码是六六六六。 好的，验证码已经收到，我们会立即处理。另外，为了确保你的账户安全，建议你下载我们的官方APP，可以实时监控账户动态。 好的，我现在就去下载。,喂，您好，我是大华银号的小张，此地有个情急之下的通报急需和你认同霎时间。 您好，是好家伙通报？ 吾辈觉察你的账户有不胜贸易，急需你郎才女貌吾辈拓有惊无险应验。 真个假的？我干吗不领悟？ 是真个，以担保你的财力有惊无险，你急需资霎时间应验码，吾辈久已发短信到你的无绳机了。 好的，我见见。 你收起了吗？收起了就晓我，吾辈急需急忙料理。 收起了，应验码是敌杀死六。 好的，应验码久已收起，吾辈会立时料理。其他，以担保你的账户有惊无险，建言献计你录入吾辈的建设方APP，狠实时遥控账户动态。 好的，我今日就去录入。,"semantic (什么->好家伙, 官方->建设方, 紧急->情急之下)",1,0
喂，你好，我是小李，这边是北京银行的客服专员。 你好，有什么事情吗？ 是这样的，我们注意到你最近有几笔大额的消费，想了解一下你是否有资金周转的需求，我们可以提供低息贷款服务。 哦，这个我可以考虑一下。你们的贷款流程是怎样的？ 流程非常简单，你只需要下载我们的官方APP，注册后填写相关信息，我们会尽快为你审核。 下载APP啊，那安全吗？ 绝对安全，我们是正规银行，APP也是经过认证的。而且现在下载还有新用户大礼包，包括一些优惠券和礼品。 听起来不错，那我应该怎么下载呢？ 你可以在手机应用商店搜索我们的银行名称，直接下载我们的官方APP。或者，我可以发一个下载链接给你，更加方便快捷。 那还是你发链接给我吧，我怕自己找不到。 好的，我马上给你发。你稍等一下，收到链接后马上下载哦，如果有任何问题，随时可以联系我。,喂，您好，我是小李，此处是首都银号的客服一秘。 您好，有何事作业吗？ 是如此这般的，吾辈顾到你前不久有几笔进口额的费，想晓得一时间你可否有资金周转的要求，吾辈名特新优精供低息销货款劳务。 哦，本条我名特新优精考虑一时间。尔等的销货款流水线是何如的？ 流水线非常简单，你只亟待载入吾辈的我党APP，报后填不无关系音尘，吾辈会赶快为你核试。 载入APP啊，那一路平安吗？ 绝对化一路平安，吾辈是正常化银号，APP也是进程作证的。与此同时今天载入再有新存户大礼包，不外乎一对汽油券和人情。 听初露无可置疑，那我活该怎么着载入呢？ 你名特新优精在无绳话机使役庄索吾辈的银号号，第一手载入吾辈的我党APP。或是，我名特新优精发一期载入链接给你，愈方便快捷。 那照样你发链接给我吧，我怕友好找弱。 好的，我就给你发。你稍等一时间，吸收链接后就载入哦，一旦有全份问号，时时处处名特新优精牵连我。,"semantic (一个->一期, 消费->费, 不错->无可置疑)",1,0
喂，你好，这里是支付宝客服中心。 你好，你是哪位？ 我是小李，客服专员。我们注意到您的账户近期有异常活动，为了保障您的资金安全，需要您配合我们完成一次身份验证。 真的吗？那我需要怎么做？ 您只需要点击我们发给您的链接，填写一些基本信息，我们就可以确认您的身份了。 好，我等一下看看邮箱。 好的，我们会立即发送。另外，为了感谢您的配合，我们还为您准备了一份小礼物，点击链接后可以领取。 那太好了，谢谢。 不客气，您有任何问题都可以联系我们。再次感谢您的配合，祝您生活愉快！ 好的，谢谢。再见。,喂，您好，此地是支付宝客服心迹。 您好，你是何许人也？ 我是小李，客服大使。咱俩留心到您的账户形成期有雅从权，为葆您的工本康宁，用您相当咱俩到位一次身价验证。 确乎吗？那我用咋样做？ 您只用点击咱俩发给您的链接，填小半内核音，咱俩就烈认定您的身价了。 好，我等忽而探望信箱。 好的，咱俩会立地出殡。另一个，为感谢您的相当，咱俩还为您备选了一份小人情，点击链接后烈提。 那太好了，感谢。 不不耻下问，您有漫疑案都烈沟通咱俩。重新感谢您的相当，祝您生存悦！ 好的，感谢。再会。,"semantic (这里->此地, 再次->重新, 一些->小半)",1,0
喂，你好，我是招商银行的李经理，这边看到你公司的信息，想了解一下你是否有资金需求？ 你好，暂时没有这个需求。 那太好了，不过如果你有需要的时候，可以随时联系我们。我们这边有一款特别适合中小企业的新产品，可以提供无抵押贷款。 哦，这个听起来不错。 是的，为了更好地服务客户，我们还提供了一些优惠活动。你如果有兴趣的话，可以先点击我们发给你的链接，了解一下详情。 好的，我看看。 非常感谢，链接我会稍后发到你的手机上。另外，如果你有任何问题，可以直接联系我，我的电话是四零零一六八八一六八八。 好的，谢谢。 不客气，希望我们的服务能够帮到你。如果有任何疑问，随时联系我。 好的，谢谢你的推荐。,喂，您好，我是招商银行的李经理，此见状你商号的音尘，想懂得一晃儿你可否有本求？ 您好，少烟消云散此求。 那太好了，唯有设若你有亟需的际，出色整日牵连咱俩。咱俩此有一款破例得当大中企业的新必要产品，出色供无质浮价款。 哦，此听突起精美。 是的，以便更好地劳务用户，咱俩还供了有些优惠活动。你设若有感兴趣来说，出色先点击咱俩发给你的链接，懂得一晃儿端详。 好的，我观览。 非常感谢，链接我会稍后发到你的无绳电话机上。另，设若你有全体关子，出色直牵连我，我的全球通是四零零一六八八一六八八。 好的，鸣谢。 不谦虚，希咱俩的劳务会帮到你。设若有全体闷葫芦，整日牵连我。 好的，鸣谢你的推介。,"semantic (不错->精美, 贷款->浮价款, 这个->此)",1,0
喂，你好，我是小李，这边是中银金融的客服，你之前在我们平台申请的贷款审核已经通过了，现在可以放款了。 哦，是吗？真的吗？ 是的，不过在放款之前，我们需要你先支付一笔手续费，这是规定流程，你理解一下。 手续费？需要多少钱？ 不多，只需要支付两千块钱，支付成功后，贷款会在半小时内到账。 好的，那我怎么支付呢？ 你可以在我们的APP上支付，我这里有一个链接，点击后可以下载我们官方的APP，非常方便。 好的，我马上去下载。 好的，你下载好后，直接在APP里选择‘支付手续费’选项，按照提示操作就可以了。 明白了，谢谢。,喂，您好，我是小李，这里是中银经济的客服，你先头在咱们楼台提请的救济款稽核既经了，本精良拆借了。 哦，是吗？诚吗？ 是的，单单在拆借先头，咱们得你先开销一笔配套费，这是确定流水线，你接头分秒。 配套费？得粗钱？ 不多，只得开销两千块钱，开销水到渠成后，救济款会在半小时内到账。 好的，那我怎样开销呢？ 你精良在咱们的APP上开销，我此处有一番链接，点击后精良键入咱们我方的APP，异省事。 好的，我即去键入。 好的，你键入好后，径直在APP里选取‘开销配套费’采择，比照抛砖引玉操作就精良了。 理解了，称谢。,"semantic (一个->一番, 这里->此处, 贷款->救济款)",1,0
喂，你好，我是来自深圳银行的客户经理，这边看到你最近有资金周转的需求，我们这里有一笔三十万的备用金，需要了解一下吗？ 哦，不用了，我现在资金周转没有问题。 好的，那你最近有没有考虑过投资理财呢？我们这里有一个风险低收益高的项目，非常适合你这样的投资者。 投资理财感兴趣，可以详细介绍一下吗？ 当然可以，这个项目是我们银行与一家知名金融科技公司合作推出的，年化收益率高达百分之十，非常稳定。你可以先下载我们的投资APP，注册后还有新手礼包。 这个APP叫什么名字？ APP叫做‘财富快线’，你可以在手机应用商店搜索这个名称下载，下载后加我微信，我给你发一个新人优惠码。 好的，我试试看。 太好了，我的微信号是一五二零八零三，添加我时备注一下名字，方便我快速通过。祝你投资顺利！ 谢谢，我会联系你的。,喂，您好，我是门源盐田钱庄的客户经理，此地观展你近年有资金周转的需，吾辈此地有一笔三十万的备用金，求垂询一下子吗？ 哦，决不了，我今日资金周转消退题目。 好的，那你近年有消退思辨过注资理财呢？吾辈此地有一下子高风险低收益高的路，生适合你诸如此类的注资者。 注资理财趣味，佳绩不厌其详说明一下子吗？ 自是佳绩，夫路是吾辈钱庄与一家享誉经济高科技小卖部南南合作出的，年化故障率高达百分之十，生铁定。你佳绩先载入吾辈的注资APP，登记后再有生手礼包。 夫APP叫呦讳？ APP名‘宝藏快线’，你佳绩在无线电话动营业所按图索骥夫名目载入，载入后加我微信，我给你发一下子新人优胜码。 好的，我试。 太好了，我的微信号是一五二零八零三，日益增长我时备考一下子讳，两便我矫捷透过。祝你注资平顺！ 申谢，我会关联你的。,"semantic (一个->一下, 这里->此地, 什么->呦)",1,0
喂，你好，我是华商银行的张经理，最近有资金周转的需求吗？ 哦，暂时没有，谢谢。 好的，那不知道你对企业贷款的利率和政策了解吗？我们这边有非常优惠的条件。 我对这个不太了解，不过听起来不错。 是这样的，我们有一个专门的企业服务APP，上面可以详细查看贷款政策和申请流程，你要不要下载看看？ 那我怎么下载这个APP呢？ 非常简单，你只要点击我发给你的链接，就可以直接下载了。 好的，我试试看。 太好了，下载后有任何问题都可以随时联系我，我的电话是一三四五六七八九，有什么不明白的地方也可以加我的微信，微信和电话号码是一样的。 谢谢你的帮助，我会考虑的。,喂，您好，我是华商储蓄所的张襄理，前不久有资金周转的求吗？ 哦，临时性冰消瓦解，璧谢。 好的，那不知底你对商家鱼款的不合格率和策略敞亮吗？吾辈此间有殊优厚的基准。 我对斯不太敞亮，可听肇始上上。 是这么的，吾辈有一番特地的商家劳动APP，顶端激切详详细细点验鱼款策略和报名流水线，你要不用载入见兔顾犬？ 那我干吗载入斯APP呢？ 殊简单，你假使点击我发给你的链接，就激切第一手载入了。 好的，我试。 太好了，载入后有通栏事端都激切时时处处维系我，我的对讲机是一三四五六七八九，有咋样不明显的上头也激切加我的微信，微信和对讲机号码是亦然的。 璧谢你的相助，我会逻辑思维的。,"semantic (条件->基准, 地方->上头, 一个->一番)",1,0
喂 喂 你好，这里是速递宝快递客服中心，我是客服专员李华，您的一个包裹在运输过程中不慎遗失，我们非常抱歉给您带来了不便。 啊，真的吗？那怎么办？ 为了补偿您，我们可以为您提供一笔赔偿金，但需要您先点击我们发送的链接，填写一些个人信息，以便我们核实您的身份。 好的，那你们把链接发给我吧。 好的，稍等片刻，我这就给您发送。另外，为了避免类似的情况再次发生，我们建议您安装我们的官方APP，可以实时跟踪包裹动态。 安装APP也可以，那APP叫什么名字？ 我们的APP叫做‘速递宝官方’，您可以在手机应用商店搜索下载。 好的，我会去下载的，谢谢你的帮助。 不客气，如果有任何问题，都可以联系我。祝您生活愉快，再见。 再见。,喂 喂 您好，此间是速寄宝速递客服必争之地，我是客服武官李华，您的一番卷入在运进程中冒失少，吾辈好歉给您带了倥偬。 啊，委吗？那什么样？ 以便抵补您，吾辈过得硬为您资一笔赔偿金，但需您先点击吾辈出殡的链接，填充有点儿个人信息，为吾辈检定您的身价。 好的，那尔等把链接关我吧。 好的，稍等片刻，我这就给您出殡。旁，以便幸免近似的情事再次发生，吾辈建议您安吾辈的美方APP，过得硬实时跟踪卷入动态。 安APP也过得硬，那APP叫哪些名？ 吾辈的APP喻为‘速寄宝美方’，您过得硬在无绳话机动用肆查寻录入。 好的，我会去录入的，鸣谢你的助。 不谦恭，比方有俱全纽带，都过得硬沟通我。祝您活欣欣然，再会。 再会。,"semantic (一个->一番, 这里->此间, 速递->速寄)",1,0
喂，你好，这边是天河科技有限公司的客服专员小张，我们注意到你最近在我们平台上的购物记录，有一笔订单可能存在异常，需要你配合我们进行核实。 真的吗？我最近确实买了很多东西，你们能不能告诉我具体是哪一笔？ 好的，你稍等一下，我查一下。嗯，是这样的，你最近有一笔订单，购买了一台笔记本电脑，价值五千多元，我们发现这可能是系统错误导致的价格异常。 哦，那怎么办呢？ 为了保障你的权益，我们需要你配合我们进行一次退款操作，同时我们会补偿你五百元的优惠券。你方便提供一下你的银行卡信息吗？ 好的，那我怎么提供呢？ 你可以点击这个链接，填写一下相关信息，我们会在两个工作日内处理好你的退款。 好的，我马上去操作。 好的，感谢你的配合，如果有什么问题，可以随时联系我们的客服电话。祝你生活愉快！ 谢谢，再见。,喂，您好，这里是银河高科技种子公司的客服参赞小张，俺们小心到你日前在俺们楼台上的购物笔录，有一笔工作单或许存雅，特需你相当俺们拓展核准。 诚吗？我日前固买了广土众民鼠辈，尔等能不许告我有血有肉是哪一笔？ 好的，你稍等一念之差，我查一念之差。嗯，是这一来的，你日前有一笔工作单，贩了一台笔记本电脑，价五千多元，俺们觉察这或许是理路错误致的价雅。 哦，那为什么办呢？ 为着保安你的因地制宜，俺们特需你相当俺们拓展一次退税操作，又俺们会互补你五百元的现券。你恰如其分供一念之差你的登记卡信吗？ 好的，那我为什么供呢？ 你急点击本条链接，填充一念之差系信，俺们会在两个工作日内料理好你的退税。 好的，我顿然去操作。 好的，多谢你的相当，假如有甚么疑阵，急无时无刻沟通俺们的客服话机。祝你活路欣悦！ 多谢，再会。,"semantic (什么->甚么, 感谢->谢谢, 记录->笔录)",1,0
喂，你好，这里是星辉科技的客服中心，我是客服小李。 喂，你好。 注意到你的订单可能出现了点小问题，需要你配合处理一下。 什么问题啊？ 你的订单似乎被冻结了，这可能是系统出现了错误。不过不用担心，我们有解决方案。 那怎么办呢？ 为了更快地解决问题，我们需要你通过我们的专用链接进入安全页面进行身份验证。 安全页面？ 对，这是一个特别为解决此类问题设计的页面。你只需要点击链接，按照指示操作即可。 好的，我试试。 好的，我马上给你发送链接。请确保在安全的网络环境下打开，并尽快完成验证。 收到，谢谢。 不客气，如果有任何疑问，可以随时联系我们。祝你一切顺利。 好的，再见。,喂，您好，此处是星辉高科技的客服间，我是客服小李。 喂，您好。 顾到你的药单指不定冒出了点小主焦点，急需你般配甩卖记。 好家伙主焦点啊？ 你的药单如同被冷冻了，这指不定是网冒出了错误。然而不必想不开，吾辈有化解方案。 那什么样呢？ 以更快地化解主焦点，吾辈急需你越过吾辈的专用链接入伙平安页面展开身份证实。 平安页面？ 对，这是一度特意为化解此类主焦点宏图的页面。你只急需点击链接，以资训示操作即可。 好的，我搞搞。 好的，我当时给你出殡链接。请准保在平安的网条件下开，并快水到渠成证实。 接受，称谢。 不不耻下问，设有百分之百疑窦，良无日具结吾辈。祝你一切顺利。 好的，回见。,"semantic (冻结->冷冻, 一个->一度, 这里->此处)",1,0
喂，你好，我是工商银行的客服专员，你最近在我们银行的账号有异常活动，需要马上处理。 喂，真的吗？有什么问题呢？ 是这样的，我们怀疑你的账号可能被盗用了，为了安全起见，我们需要你提供一下最新的验证码，我们会发短信给你。 好的，我现在就等短信。 好的，短信已经发出去了，请你查收一下，然后告诉我验证码是多少。 我收到了，验证码是一二三四。 感谢你的配合，我们已经处理好了，你的账号现在很安全。 那太好了，谢谢你们。 不客气，另外，我们最近有一个投资理财的产品，收益很高，如果你有兴趣，可以点击我发给你的链接查看详情。 好，我看看。,喂，您好，我是工商储蓄所的客服专差，你连年来在我辈储蓄所的账号有不可开交自发性，欲眼看拍卖。 喂，着实吗？有怎么关节呢？ 是这么样的，我辈嫌疑你的账号莫不被盗用了，以安然无恙起见，我辈欲你资瞬息间入时的验证码，我辈会发短信给你。 好的，我现行就等短信。 好的，短信就发出去了，请你截收瞬息间，今后告我验证码是数码。 我接下了，验证码是一二三四。 称谢你的门当户对，我辈就拍卖好了，你的账号现行很安然无恙。 那太好了，谢谢你们。 不谦虚谨慎，其他，我辈连年来有一番斥资理财的活，进项很高，使你有感兴趣，好好点击我发给你的链接稽端详。 好，我瞅。,"semantic (一个->一番, 怀疑->嫌疑, 什么->怎么)",1,0
喂，你好，我是小张，我们这里是星辉投资公司的客服专员，最近我们有一个特别好的投资项目，收益非常高，风险又低，你有兴趣了解一下吗？ 你好，这个项目具体是什么内容呢？ 这个项目是关于我们公司最新推出的海外基金，近期市场表现非常好，很多客户都已经获得了不错的收益。你只需要投资一小部分资金，就可以享受到高额的回报。 听起来不错，但是怎么参与呢？ 非常简单，你只需要下载我们公司的官方APP，注册后就可以直接在平台上操作了。如果你不方便下载，我也可以发一个链接给你，点击链接就可以直接参与，非常方便。 那这个链接怎么发给我呢？ 你只需要告诉我你的手机号码，我会通过短信将链接发给你。为了保证安全，你也可以加我的私人微信，这样沟通更方便。 好的，那我的电话是零零零零零零零零零零，微信就用这个手机号吧。 好的，我已经记下了，稍后你就会收到短信。如果有任何问题，随时联系我。投资早，收益早，不要错过这次机会哦。 好的，谢谢你的推荐，我会考虑的。,喂，您好，我是小张，咱此地是星辉入股供销社的客服武官，近日咱有一期专诚好的入股路，获益非同寻常高，高风险又低，你有志趣问询转眼吗？ 您好，其一路现实是怎情节呢？ 其一路是有关咱供销社时新盛产的海外基金，试用期市面标榜非同寻常好，这么些购买户都久已赢得了无可置疑的获益。你只要入股一小部分血本，就盛享到高额的报恩。 听下床无可置疑，然怎样插足呢？ 非同寻常简单，你只要键入咱供销社的合法APP，挂号后就盛直在楼台上操作了。假若你不简便易行键入，我也盛发一期链接给你，点击链接就盛直插足，非同寻常简便易行。 那其一链接怎样关我呢？ 你只要喻我你的手机号码，我会由此短信将链接关你。以准保安如泰山，你也盛加我的自己人微信，这么样具结更简便易行。 好的，那我的公用电话是零零零零零零零零零零，微信就用其一手机号吧。 好的，我久已著录了，稍后你就会收执短信。假若有普焦点，时时处处具结我。入股早，获益早，无需擦肩而过这次机遇哦。 好的，鸣谢你的推介，我会思的。,"semantic (一个->一期, 这里->此地, 不错->无可置疑)",1,0
喂，你好，是张华吗？ 是的，你是哪位？ 我是你的老同学李明，最近在做一项特别好的投资项目，觉得你可能会感兴趣。 哦，是什么项目？ 这是一个新兴的区块链项目，收益非常可观，而且风险很低。我准备自己也投一部分，想不想一起？ 听起来挺好的，不过我对这方面的知识不太了解。 没问题，我可以给你发一些资料，你先看看。或者我给你一个链接，你直接在上面注册，有不明白的我可以随时给你解释。 那链接是怎么样的？ 你等一下，我马上发给你。这个链接只能通过我这里获取，外人是不能进入的。 好的，我等你的链接。,喂，您好，是张华吗？ 是的，你是孰？ 我是你的老同学李明，近世在做一项超常规好的入股种类，发你莫不会兴趣。 哦，是呀种类？ 这是一番喷薄欲出的区块链种类，纯收入不可开交精粹，又高风险很低。我备而不用和和气气也投有些，想不想合伙？ 听始发挺好的，惟独我对这方面的知识不太问询。 没纲，我熊熊给你发有些材料，你先省视。恐怕我给你一番链接，你径直在头挂号，有不一览无遗的我熊熊时时处处给你训诂。 那链接是咋样的？ 你等下子，我当下发给你。者链接唯其如此过我此地得到，外人是力所不及加入的。 好的，我等你的链接。,"semantic (一个->一番, 这里->此地, 只能->唯其如此)",1,0
喂，你好，我是宁波银行的客服专员小李，我们银行最近推出了一个非常优惠的贷款产品，想了解一下吗？ 哦，不用了，我对贷款没兴趣。 哎呀，你再考虑考虑嘛，这次的贷款利率特别低，而且审批快，不需要任何抵押，非常适合短期资金周转。 真的不用了，我现在手头挺宽裕的。 那真是太好了，不过万一以后有用到资金的时候，可以加我的微信，随时联系我，我这里有专门的二维码，你方便扫一下吗？ 好吧，我扫一下吧。 太好了，你真是个聪明人，加了微信之后，我还可以推荐你一些理财项目，收益稳定的，绝对不会让你失望的。 嗯，听起来不错，但我还是等需要用钱的时候再考虑吧。 好的好的，不急，随时欢迎你咨询。对了，还有一个小提示，近期我们有一个限时优惠活动，只需点击这个链接就可以获得更多详情，你有兴趣了解一下吗？ 好吧，我试试看。,"您好，我是宁波银行客户服务部的李明，很高兴为您服务。我们银行近期推出了一些灵活的信贷方案，不知您是否愿意了解一下相关信息？

哦，暂时不需要，我对贷款产品目前没有需求。

我理解，不过这些方案确实能为有资金需求的朋友提供便利，利率相对市场水平有竞争力，审批流程也较为简化，无需抵押担保，特别适合临时周转使用。

谢谢，我目前财务状况稳定，暂时没有这方面的计划。

那太好了，保持良好的财务状况很重要。如果您未来有资金规划的需求，欢迎通过官方渠道联系我们。这是我们的企业微信二维码，您方便扫码添加吗？

好的，我添加一下。

感谢您的信任。作为银行客户，我们也会定期分享一些理财知识，帮助您更好地规划资产。当然，所有建议都会基于您的具体情况和风险偏好。

听起来不错，不过我想等真正有需求时再详细了解。

当然，理财规划确实需要谨慎考虑。我们会在官方APP上更新最新的产品信息，您可以随时查看。近期我们有一些客户关怀活动，详情可以通过我们的官方APP""我的账户""板块了解，有兴趣了解一下吗？

好的，我会查看一下。",paraphrase (llm),1,0
喂 喂，你好 你好，我是小李，这边是华远投资公司的客服专员，您最近有关注股市吗？ 啊，还好吧，偶尔看看。 那太好了，我们公司最近有一个高收益的投资项目，年化收益率可以达到百分之十五，您有兴趣了解一下吗？ 真的假的？怎么操作？ 当然真的，您只要下载我们公司的APP，注册一个账号，就可以开始投资了。 那这个APP安全吗？ 非常安全，我们的平台有国家认证的，您可以放心使用。下载链接我发您手机上，您接收一下。 好的，我等一下看看。 好的，您下载后如果有任何问题，可以随时联系我。我们还有新手体验金，注册即送，不要错过哦。,喂 喂，您好 您好，我是小李，这里是华远入股铺子的客服武官，您多年来有关怀备至鸟市吗？ 啊，还好吧，奇迹盼。 那太好了，吾辈铺子多年来有一期高低收入的入股门类，年化低收入率好落得百分之十五，您有感兴趣分晓转手吗？ 委假的？哪样操作？ 自是委，您万转手载吾辈铺子的APP，报一期账号，就好开场入股了。 那这APP有惊无险吗？ 死去活来有惊无险，吾辈的阳台有国说明的，您好放心使用。载入链接我发您大哥大上，您接到转手。 好的，我等转手盼。 好的，您载入后倘若有普关子，好无日联络我。吾辈再有生手心得金，报即送，无需失哦。,"semantic (一个->一期, 只要->万一, 这个->这)",1,0
喂，你好，我是天海银行的张经理。 你好，张经理，请问有什么事？ 是这样的，我们查到你之前有在我们这里咨询过贷款，现在我们有一个特别优惠的贷款项目，不需要任何抵押，利息也非常低。 真的吗？那太好了，我最近确实需要资金周转。 没错，这个贷款项目非常适合你。不过为了确保资金安全，你需要先支付一笔小额的手续费，这样我们可以更快地审批你的贷款。 好的，那我需要怎么做？ 你只需要点击我发给你的链接，填写相关信息并支付手续费，我们就会立即开始处理你的贷款申请。 行，那我等下就去操作。 好的，你有任何问题都可以随时联系我。另外，为了方便后续沟通，你可以加我的微信，这样更方便。 好的，谢谢你，我会加你的微信。,喂，您好，我是天海储蓄所的张协理。 您好，张协理，借光有何如事？ 是这么着的，我辈查到你事前有在我辈此处诹过银贷，本我辈有一度好生优胜的银贷型，不需全套质押，收息率也非常低。 当真吗？那太好了，我前不久死死地需股本周转。 不利，本条银贷型非常适合你。太为着管保股本康宁，你需先支一笔营业额的购机费，这么着我辈熊熊更快地审计你的银贷。 好的，那我需怎生做？ 你只需点击我发给你的链接，填不无关系音问并支购机费，我辈就会立地始起拍卖你的银贷报名。 行，那我等下就去操作。 好的，你有全套狐疑都熊熊时时处处搭头我。别样，为着充盈此起彼伏搭头，你熊熊加我的微信，这么着更充盈。 好的，感恩戴德你，我会加你的微信。,"semantic (一个->一度, 这里->此处, 什么->何如)",1,0
喂，你好 你好 这边是中州银行的客服专员，我们检测到你的账户有异常活动，需要你配合我们进行一次安全验证 什么异常活动？ 我们怀疑你的账户可能被非法使用了，为了确保你的资金安全，需要你提供一下银行卡号和验证码 那我怎么知道你是真的银行工作人员？ 你可以通过我们的官方电话进行核实，这是我的工号，一二三六五，你可以查一下 好，我这就查一下。 好的，你查一下，如果没问题的话，我们就可以继续了。 查过了，没问题。 那麻烦你提供一下银行卡号和验证码，我们需要尽快处理这个问题。 银行卡号是六二二八四八零零零零零零零零零零零，验证码是一二三四。 好的，我们已经记录下来了，你的账户问题我们会尽快处理。感谢你的配合。,喂，您好 您好 此间是中州存储点的客服一秘，咱俩目测到你的账户有独特活，待你相称咱俩拓展一次安然证实 何如独特活？ 咱俩打结你的账户想必被伪采取了，以保准你的老本安然，待你供一晃存储点卡号和证实码 那我为何懂得你是洵存储点工作人员？ 你象样越过咱俩的劳方电话机拓展检定，这是我的工号，一二三六五，你象样查一晃 好，我这就查一晃。 好的，你查一晃，倘没闷葫芦来说，咱俩就象样前赴后继了。 查过了，没闷葫芦。 那烦琐你供一晃存储点卡号和证实码，咱俩待迅雷不及掩耳之势裁处其一闷葫芦。 存储点卡号是六二二八四八零零零零零零零零零零零，证实码是一二三四。 好的，咱俩就记录下来了，你的账户闷葫芦咱俩会迅雷不及掩耳之势裁处。璧谢你的相称。,"semantic (检测->目测, 怀疑->打结, 什么->何如)",1,0
喂，你好，我是小张，工行的客服专员，给你打电话是因为你最近在我们网站上购买的商品出了点问题，需要给你办理退款。 哦，是什么问题呢？ 你的商品在运输过程中丢失了，为了补偿你，我们需要给你办理退款，但需要你先点击一个链接，确认你的银行账户信息。 好的，那我怎么操作呢？ 你只需要点击这个链接，然后按照页面提示操作就可以，操作完成后，退款会立即到账。 这个链接安全吗？ 绝对安全，我们工行的链接怎么可能不安全呢，你放心吧。 那好吧，我试试看。 好的，你操作完之后，如果有任何问题，可以随时联系我。 好的，谢谢。,喂，您好，我是小张，工行的客服公使，给你挂电话出于你连年来在俺们图书站上办的货色出了点事端，求给你操办退税。 哦，是哪门子事端呢？ 你的货色在运长河中散失了，为着补给你，俺们求给你操办退税，但求你先点击一下链接，承认你的钱庄账户音尘。 好的，那我为什么操作呢？ 你只求点击夫链接，接下来遵照页面唤起操作就精美，操作好后，退税会当即到账。 夫链接一路平安吗？ 切一路平安，俺们工行的链接为什么说不定不一路平安呢，你想得开吧。 那好吧，我跃跃欲试。 好的，你操作完日后，一旦有一事端，精美时刻挂钩我。 好的，感谢。,"semantic (一个->一下, 什么->哪门子, 这个->夫)",1,0
喂，你好，我是农商银行的客户经理，小李，最近我们在做一个特别优惠的贷款项目，想了解一下你是否有这方面的需求？ 哦，贷款啊，我现在手头有点紧，可以了解一下。 太好了，这个项目非常适合你，无抵押，低利率，审核快，放款也快。你只需要提供一些基本信息，我们就可以开始审核了。 这样啊，那需要我做些什么呢？ 你只需要点击这个链接，填写一下申请表就可以了。放心，我们的链接是安全的，不会泄露你的个人信息。 好的，那这个链接怎么给我呢？ 我会通过短信把这个链接发给你，你收到后直接点击就可以。顺便问一下，你的手机号码是？ 我的手机号码是幺三五幺二三幺二三四。 好的，我这就给你发短信，你注意查收一下。 好的，谢谢。,喂，您好，我是农商钱庄的客户经理，小李，前不久我辈在做一番深深的价廉质优的银贷路，想详一晃你是不是有这方面的求？ 哦，银贷啊，我于今手边略微紧，同意详一晃。 太好了，以此路非常适合你，无押，低利率，复核快，借款也快。你只求资几许本信，我辈就同意启复核了。 这么样啊，那求我做些吗呢？ 你只求点击以此链接，填入一晃利率表就同意了。想得开，我辈的链接是无恙的，决不会走漏风声你的个人信。 好的，那以此链接怎给我呢？ 我会穿越短信把以此链接发给你，你接收后直白点击就同意。捎带问一晃，你的手机号码是？ 我的手机号码是幺三五幺二三幺二三四。 好的，我这就给你发短信，你只顾招收一晃。 好的，多谢。,"semantic (一个->一番, 贷款->银贷, 什么->吗)",1,0
喂，你好，这里是盛泰银行，我是客户经理李明，我们注意到你最近在寻找贷款的信息，我们这里有一款特别适合你的低息贷款产品，你有兴趣了解一下吗？ 嗯，我最近确实需要一笔资金，你能具体说说吗？ 当然可以，这款贷款产品的年利率只有百分之三，而且申请流程非常简单，只需要下载我们的‘盛泰金融’APP，填写一些基本信息，就能快速申请。 听起来不错，但是我是第一次尝试这种线上贷款，会不会有什么风险？ 放心吧，我们盛泰银行是正规金融机构，所有流程都是透明的。为了确保你的信息安全，你可以在APP上完成实名认证，这样可以更快地审批。 那我需要准备哪些材料呢？ 你只需要提供身份证、银行流水和收入证明。这些材料在APP上提交就可以了。如果你有其他问题，可以加我的微信，我随时可以为你解答。 好的，我试试看。你的微信是多少？ 我的微信是shengtaijinrong001，你加我一下，有任何问题都可以随时联系我。 好的，我马上加你。谢谢了。,喂，您好，此地是盛泰存储点，我是客户经理李明，吾侪放在心上到你近期在招来银贷的音信，吾侪此地有一款坏妥你的低息银贷出品，你有兴味懂一度吗？ 嗯，我近期扎实要求一笔血本，你能言之有物说说吗？ 自是顶呱呱，这款银贷出品的年息仅百分之三，再就是提请流水线非常简单，只要求键入吾侪的‘盛泰经济’APP，填片段挑大梁音信，就能迅速提请。 听始于绝妙，唯独我是第一次碰这种线上银贷，会决不会有吗高风险？ 如释重负吧，吾侪盛泰存储点是例行经济机构，百分之百流水线都是透明的。以保险你的音信安全，你顶呱呱在APP上到位实名证实，如此这般顶呱呱更快地审计。 那我要求未雨绸缪何等奇才呢？ 你只要求供团员证、存储点白煤和收益验明正身。那些奇才在APP上交到就顶呱呱了。倘你有其余要害，顶呱呱加我的微信，我无时无刻顶呱呱为你笔答。 好的，我试跳。你的微信是不怎么？ 我的微信是shengtaijinrong001，你加我一度，有合要害都顶呱呱无时无刻联络我。 好的，我二话没说加你。致谢了。,"semantic (解答->笔答, 证明->验明正身, 这里->此地)",1,0
喂，你好，我是农业银行的客服专员，这边有一个特别优惠的贷款方案想推荐给你。 你好，贷款？我现在用不着啊。 是这样的，我们这次的活动很特别，不需要任何抵押，而且利率非常低，非常适合短期资金周转。 这样啊，那我了解一下也行，不过我现在不方便，晚上有空。 好的，那我晚上再联系你，不过为了方便你了解详情，可以先下载我们的APP，上面有详细的介绍。 下载APP？这安全吗？ 当然安全，我们的APP是经过认证的，你下载后注册个账号，有什么问题我晚上再给你详细解答。 好的，我试试看。 太好了，APP下载链接我马上发你手机上，你晚上有空的时候看看，我晚上再联系你。 好的，谢谢。,喂，您好，我是农业银行的客服领事，此处有一期特异优厚的刻款提案想引荐给你。 您好，刻款？我今用不着啊。 是如斯的，咱俩这次的半自动很特异，不急需举质，与此同时增长率非常低，非常适合霜期资金周转。 如斯啊，那我知晓转脸也行，可是我今不富庶，晚闲暇。 好的，那我晚再具结你，可是为着富庶你知晓详，尽善尽美先键入咱俩的APP，头有详详细细的说明。 键入APP？这无恙吗？ 本来无恙，咱俩的APP是过证实的，你键入后登记个账号，有嘿刀口我晚再给你详详细细答道。 好的，我试。 太好了，APP键入链接我马上发你无线电话上，你晚闲暇的时光视，我晚再具结你。 好的，有劳。,"semantic (解答->答道, 一个->一期, 贷款->刻款)",1,0
喂，你好，我是小张，这边是某宝客服，你最近在我们平台购买的物品有问题，需要给你办理退款。 真的吗？我前几天买的一个手机壳，确实有点问题。 对的，我们已经核实了，为了确保你的权益，你需要下载我们的退款处理软件，这样我们可以更方便地处理你的退款。 好的，怎么下载？ 你打开手机应用商店，搜索‘某宝退款助手’，下载安装后打开，输入你的订单号和手机号，就可以开始退款流程了。 好的，我现在就去下载。 好的，下载安装后，如果有任何问题，可以随时联系我，电话是零零零零零零零零。 好的，谢谢。 不客气，祝你一切顺利，再见。 再见。,喂，您好，我是小张，此地是某宝客服，你近来在吾辈晒台置备的物料有题，特需给你做退税。 委吗？我前几天买的一番无线电话壳，凝炼略微题。 对的，吾辈曾审验了，以便管教你的活泼泼，你特需录入吾辈的退税处分软件，诸如此类吾辈熊熊更适于地处分你的退税。 好的，干什么录入？ 你启封无线电话动用庄，探寻‘某宝退税臂助’，录入安装后启封，沁入你的订单号和无线电话号，就熊熊下车伊始退税流水线了。 好的，我今昔就去录入。 好的，录入安装后，一旦有方方面面题，熊熊每时每刻联络我，全球通是零零零零零零零零。 好的，鸣谢。 不谦卑，祝你一切顺利，回见。 回见。,"semantic (一个->一番, 这边->此地, 搜索->探寻)",1,0
喂，你好，我是来自明珠银行的客户经理小张，这边看到您之前有咨询过我们的贷款产品，不知道您现在还有没有兴趣呢？ 哦，你好，我记得我咨询过，你们的贷款利率是多少呢？ 我们现在的贷款利率非常优惠，月息只有百分之零点几，而且审批快，放款也快。如果您有需要的话，我这边可以帮您申请。 听起来不错，我最近确实需要一笔钱周转。 那太好了，为了方便您申请，您可以先下载我们银行的官方APP，填写一些基本信息，这样可以加快审批流程。 好的，我这就去下载。 还有，您下载APP之后，记得输入推荐码M123456，这样可以享受更多优惠政策。 推荐码我记下了，谢谢你。 不客气，如果您在操作过程中遇到任何问题，都可以联系我，我的电话是13800138000。 好的，我会联系你的。谢谢。,喂，您好，我是导源明珠银号的客户经理小张，这里瞅您事前有问过吾侪的拆借出品，不知底您当今再有比不上感兴趣呢？ 哦，您好，我记忆我问过，尔等的拆借结实率是数目呢？ 吾侪当今的拆借结实率那个优惠待遇，月结实率唯有百分之零点几，同时审计快，贷也快。要您有需求的话，我这里完美无缺帮您提请。 听始然，我近些年活脱脱需求一笔钱周转。 那太好了，为简便您提请，您完美无缺先键入吾侪银号的贵国APP，填充一点骨干音问，这么样完美无缺兼程审计流水线。 好的，我这就去键入。 再有，您键入APP嗣后，记忆跳进引进码M123456，这么样完美无缺大快朵颐更多优惠待遇政策。 引进码我笔录了，道谢你。 不功成不居，要您在操作过程中相逢所有疑阵，都完美无缺牵连我，我的电话机是13800138000。 好的，我会牵连你的。道谢。,"semantic (遇到->相逢, 不错->然, 贷款->拆借)",1,0
喂 喂，你好 你好，我是农商银行的客户经理李明，最近我们推出了一款全新的贷款产品，额度高，利率低，审批快，非常适合中小型企业。您近期有没有资金周转的需求呢？ 目前没有需求，谢谢。 了解了，不过如果您将来有这方面的需求，可以随时联系我们。对了，我们还有一个投资理财项目，收益率非常高，您有兴趣了解一下吗？ 嗯，投资理财听起来不错，可以详细介绍一下吗？ 当然可以。这个项目是专门为我们优质客户设计的，年化收益率可以达到百分之十二。您可以先投入一小部分资金试试看。如果您感兴趣，可以点击我发送的链接，下载我们的理财APP，里面有很多详细信息。 好的，我看看。那个链接怎么发给我？ 好的，我会通过短信将链接发给您，您注意查收。下载APP后，有任何问题都可以随时联系我。 好的，谢谢。,喂 喂，您好 您好，我是农商银号的用户经理李明，近年来我辈产了一款全新的货款出品，配额高，周转率低，审计快，杀适合中小型洋行。您近年来有无本钱周转的求呢？ 脚下无求，有劳。 探询了，无非如您明朝有这方面的求，急剧无日挂钩我辈。对了，我辈再有一番注资理财档级，外汇率杀高，您有感兴趣探询一度吗？ 嗯，注资理财听蜂起帅，急剧祥说明一度吗？ 理所当然急剧。斯档级是特意为我辈完美无缺用户宏图的，年化外汇率急剧上百分之十二。您急剧先飞进一小部分本钱试行。如您志趣，急剧点击我殡葬的链接，键入我辈的理财APP，个中有许多祥信息。 好的，我看样子。不行链接何许发放我？ 好的，我会经短信将链接发放您，您理会签收。键入APP后，有另外事端都急剧无日挂钩我。 好的，有劳。,"semantic (一个->一番, 不错->帅, 贷款->货款)",1,0
喂，你好，是张强吗？ 喂，你好，你是哪位？ 我是你的老朋友小李啊，最近怎么样？ 哦，小李啊，还好，你最近忙什么呢？ 我最近在做一个投资理财的项目，收益非常高，想着推荐给你，你有没有兴趣了解一下？ 投资理财？听起来不错，能详细说说吗？ 当然可以，这个项目是通过一个专门的APP进行操作的，操作非常简单，收益也很稳定，你只需要下载这个APP，注册一个账号，然后就可以开始投资了。 下载APP？这听起来挺方便的，APP叫什么名字？ APP的名字叫‘财富快线’，你可以在手机应用商店搜索下载，下载后我再给你发一个邀请码，这样你注册时可以享受一些优惠。 好的，我试试看，不过我不是很懂这些，到时候可能需要你帮我看看。 没问题，你随时可以联系我，我会帮助你操作的。另外，为了方便沟通，你加一下我的微信吧，我的微信号是zq123456，加了后我们随时可以交流。,喂，您好，是张强吗？ 喂，您好，你是哪个？ 我是你的老朋友小李啊，近来何以？ 哦，小李啊，还好，你近来忙呦呢？ 我近来在做一番注资理财的种，收入非同寻常高，想着荐给你，你有没有趣味知道转手？ 注资理财？听起头帅，能详见说说吗？ 理所当然仝，以此种是穿一番特意的APP进展操作的，操作非同寻常简单，收入也很平安，你只得键入以此APP，挂号一番账号，日后就仝起头注资了。 键入APP？这听起头挺有分寸的，APP叫呦名？ APP的名叫‘财物快线’，你仝在大哥大运用局招来键入，键入后我再给你发一番诚邀码，这么样你挂号时仝消受某些优厚。 好的，我碰，极其我谬很懂那幅，到时候想必得你帮我探访。 没事，你时时处处仝维系我，我会声援你操作的。别有洞天，为有分寸维系，你加转手我的微信吧，我的微信号是zq123456，加了后吾辈时时处处仝交流。,"semantic (一个->一番, 不错->帅, 什么->呦)",1,0
喂，你好，我是小王，我这边是网络金融平台的客服专员，我们注意到你最近在寻找贷款服务，可以为你提供一笔低利率的信用贷款，你是否有兴趣了解一下？ 你好，我确实需要一笔资金，但是我对你们的服务不太了解，能帮我详细介绍一下吗？ 当然可以，我们提供的是无抵押、无担保的信用贷款，审批速度快，当天申请当天放款。为了确保信息准确，我需要你提供一些个人信息，包括身份证号、银行卡号和联系电话，这样我们才能为你申请贷款。 这样啊，那我怎么知道你们是正规的呢？我之前遇到过很多诈骗的。 理解你的担忧，我们是经过国家认证的正规平台，你可以通过我们的官方网站验证资质。为了方便你更快地了解我们的服务，我发一个链接给你，你可以点击链接查看我们平台的详细介绍。 好的，那我先看看链接吧。 好的，稍等一下，我马上发给你。另外，为了加速贷款审批流程，你需要下载我们的APP并完成注册，这样可以更快地获得贷款。 明白了，我这就下载。 太好了，你下载后可以直接在APP内提交贷款申请，如果有任何问题，随时可以联系我。对了，为了确保你的账户安全，还需要你提供一个验证码，我们会通过短信发送给你，你收到后告诉我，我们就可以继续下一步了。 好,喂，您好，我是小王，我此处是大网经济阳台的客服专使，吾辈经心到你以来在索统筹款劳务，差强人意为你供一笔低利率的信用统筹款，你可不可以有趣味显明倏忽？ 您好，我当真求一笔工本，然而我对尔等的劳务不太显明，能帮我祥说明倏忽吗？ 自然差强人意，吾辈供的是无质、无担保的信用统筹款，审计速快，同一天报名同一天贷。为保消息靠得住，我求你供一点个人消息，牢笼身份证号、资金卡号和挂钩电话，这么着吾辈经纶为你报名统筹款。 这么着啊，那我胡知尔等是正儿八经的呢？我有言在先欣逢过博诓骗的。 辩明你的堪忧，吾辈是由此国验明正身的正儿八经阳台，你差强人意经过吾辈的官方网站应验天赋。为确切你更快地显明吾辈的劳务，我发倏忽链接给你，你差强人意点击链接查验吾辈阳台的祥说明。 好的，那我先探望链接吧。 好的，稍等倏忽，我即发给你。另倏忽，为加速统筹款审计流水线，你求载入吾辈的APP并一挥而就报，这么着差强人意更快地到手统筹款。 显明了，我这就载入。 太好了，你载入后差强人意径直在APP内付统筹款报名，如其有一五一十疑云，天天差强人意挂钩我。对了，为保你的账户平平安安，还求你供倏忽应验码，吾辈会经过短信发送给你，你接后告,"semantic (遇到->欣逢, 担忧->堪忧, 这边->此处)",1,0
喂，你好，请问是你吗？ 是的，你是谁啊？ 我是农业银行的客服专员，我们注意到你之前申请的贷款还没有完成，可以帮你解决资金问题，你最近有没有资金需求？ 哦，我最近确实需要一些资金周转，你们可以帮我吗？ 当然可以，我们有一款专门针对中小企业主的低息贷款产品，只需要提供一些基本信息，就能快速审批，放款也非常快。 那需要我做什么？ 首先，你需要下载我们的官方APP，然后在APP上填写申请表格，上传相关资料，我们会尽快审核。 好的，我怎么下载这个APP？ 你可以点击这个链接，直接下载我们的官方APP，非常方便。 这个链接安全吗？ 绝对安全，我们是正规银行，链接也是官方提供的，你放心吧。 好的，我这就去下载，谢谢你。 不客气，如果你在下载过程中遇到任何问题，可以随时联系我。祝你一切顺利！,喂，您好，借问是你吗？ 是的，你是谁啊？ 我是农业银号的客服大使，我辈经意到你头里报名的贷款还消完了，顶呱呱帮你釜底抽薪资产刀口，你近些年有消资产需？ 哦，我近些年真确待或多或少资产周转，尔等顶呱呱帮我吗？ 本顶呱呱，我辈有一款特地针对性小企业主的低息贷款成品，只待资或多或少根本消息，就能疾审计，贷款也深深的快。 那待我做嘿？ 元，你待键入我辈的厂方APP，此后在APP上填报名表格，上传唇齿相依材，我辈会赶紧核。 好的，我为啥键入其一APP？ 你顶呱呱点击其一链接，直键入我辈的厂方APP，深深的有利。 其一链接安如泰山吗？ 千万安如泰山，我辈是正式银号，链接也是厂方资的，你宽解吧。 好的，我这就去键入，鸣谢你。 不客客气气，倘然你在键入经过中撞见整个刀口，顶呱呱天天联络我。祝你一切顺利！,"semantic (遇到->撞见, 贷款->放款, 什么->嘿)",1,0
你好，我是工商银行的客服专员，我这里显示你有一笔贷款需要确认，能否方便现在咨询一下？ 哦，是吗？我最近确实有资金需求，需要贷款。 好的，那我这边可以为你提供快速贷款服务，无需抵押，利率也非常优惠。 听起来不错，那我需要怎么操作呢？ 非常简单，你只需要点击我发给你的链接，下载我们的官方APP，填写相关信息就可以了。 好的，那我现在就去下载。 好的，下载后记得先注册并完善信息，然后按照指引申请贷款。如果遇到任何问题，可以随时联系我。 明白了，谢谢你的帮助。 不客气，祝你申请顺利。还有，为了确保资金安全，你可能需要先支付一笔小额的保证金。 保证金？这是怎么回事？ 是的，这是为了验证你的还款能力，确保贷款安全。保证金会在你成功还款后全额退还。 好的，那我明白了，我会按照你说的去做。谢谢。,您好，我是工商银行的客服公使，我此间炫示你有一笔罚没款特需认账，可不可观省心今日叩一瞬？ 哦，是吗？我近年着实有工本特需，特需罚没款。 好的，那我此可观为你资飞速罚没款劳动，无须质押，得分率也很价廉质优。 听群起好生生，那我特需焉操作呢？ 很简单，你只特需点击我发给你的链接，录入吾辈的女方APP，填空呼吸相通音息就可观了。 好的，那我今日就去录入。 好的，录入后记先报了名并万全音息，随后遵循引导报名罚没款。设若打照面悉枢纽，可观时时处处搭头我。 众所周知了，致谢你的提携。 不虚心，祝你报名顺手。再有，以打包票工本无恙，你或者特需先支一笔盈余额的质押金。 质押金？这是焉回事？ 是的，这是以查检你的还债力量，打包票罚没款无恙。质押金会在你不辱使命还债后员额退掉。 好的，那我众所周知了，我会遵循你说的去做。致谢。,"semantic (遇到->打照面, 这里->此间, 不错->好生生)",1,0
喂，你好，我是小刘，这边是银联金融的客服专员。 你好，有什么事情吗？ 是这样的，我们系统检测到你在我们这里有一笔未完成的资金转账，需要你配合处理一下。 哦，真的吗？那我应该怎么处理呢？ 为了确保你的资金安全，我们需要你点击一个链接，验证你的身份信息。 好的，那链接是什么？ 稍等一下，我给你发个短信，你收到后点击里面的链接，按照指引操作就可以。 好的，我等下看看。 为了加快处理速度，你最好现在就操作，我们这里会锁定你的账户，防止资金被盗。 这样啊，那我马上去操作。,喂，您好，我是小刘，此间是银联财经的客服专人。 您好，有嗬业务吗？ 是然的，我辈网目测到你在我辈此间有一笔未毕其功于一役的成本转会，需你郎才女貌处置一瞬。 哦，确确实实吗？那我理应干什么处置呢？ 以便保准你的成本康宁，我辈需你点击一瞬链接，印证你的身价消息。 好的，那链接是嗬？ 稍等一瞬，我给你发个短信，你吸收后点击之中的链接，准向导操作就何尝不可。 好的，我等下观。 以便开快车处置速度，你尽当今就操作，我辈此间会盖棺论定你的账户，以防万一成本被盗。 然啊，那我旋即去操作。,"semantic (检测->目测, 一个->一下, 锁定->盖棺论定)",1,0
喂，你好，我是东莞银行的贷款专员小李，我们这里有专门针对小商户的优惠贷款，利率非常低，你最近有没有资金需求？ 哦，真的吗？我最近确实需要一些资金周转，你能详细说说吗？ 当然可以，我们这款贷款产品无抵押，审批快，只需要你提供一些基本的资料，就能快速放款。你想了解一下具体的流程吗？ 好的，我想了解一下。 好的，你只需要下载我们的官方APP，然后填写一些基本信息，我们会有专人审核。下载链接我稍后发给你，你点击链接就可以直接下载了。 好的，我等着你的链接。 好的，稍等一下，我这就发给你。另外，如果你有任何疑问，可以随时联系我，我的电话是13812345678。 好的，谢谢你。 不客气，你下载APP后，记得填写资料，如果有问题可以随时联系我。祝你早日解决资金问题。 好的，谢谢。,喂，您好，我是东莞储蓄所的农贷专人小李，我辈此间有特地针对性小商户的优惠待遇农贷，年率非常低，你以来有没有成本急需？ 哦，确吗？我以来确急需或多或少成本周转，你能祥说说吗？ 自然激烈，我辈这款农贷成品无抵，审计快，只急需你资或多或少基业的素材，就能霎时贷。你想未卜先知一瞬间现实性的工艺流程吗？ 好的，我想未卜先知一瞬间。 好的，你只急需录入我辈的缔约方APP，尔后填空或多或少基业消息，我辈会有专人稽核。录入链接我稍后发给你，你点击链接就激烈直白录入了。 好的，我等着你的链接。 好的，稍等一瞬间，我这就发给你。另一个，设使你有一疑团，激烈时时搭头我，我的电话机是13812345678。 好的，感恩戴德你。 不闻过则喜，你录入APP后，记忆填空素材，设使有关节激烈时时搭头我。祝你早日吃成本关节。 好的，感恩戴德。,"semantic (这里->此间, 贷款->农贷, 官方->缔约方)",1,0
喂，你好，这边是速达快递客服专员，我是小张，您最近有一个包裹被我们公司拦截了，可能是存在一些安全隐患，需要您配合处理一下。 啊，真的假的？ 是真的，为了您的安全，我们需要您提供一下购买该商品的订单号，以及您的身份证号码，核实信息后我们会为您处理。 好的，那我怎么知道你是不是骗子呢？ 您可以直接拨打我们官方客服电话进行核实，不过为了防止包裹被销毁，您需要尽快提供信息。 行吧，那我告诉你，我的订单号是一二三四五六七，身份证号码是一二三四五六七八九零一二三。 好的，已经记录下来了。接下来，为了确保您的信息安全，我们需要您点击一个链接，下载我们的官方APP，以便我们更好地为您服务。 哦，那我怎么下载？ 您可以通过手机浏览器访问这个链接：http://sudaexpress.com，然后下载APP。 好的，我马上去下载。谢谢。,喂，您好，此处是速达专递客服专使，我是小张，您以来有一度卷入被咱们铺面力阻了，唯恐是在有点儿安如泰山隐患，欲您相配拍卖转眼间。 啊，当真假的？ 是当真，以便您的安如泰山，咱们欲您供转眼间选购该货的订单号，暨您的工作证码，把关信后咱们会为您拍卖。 好的，那我哪明你是否奸徒呢？ 您美一直直拨咱们乙方客服话机进展把关，只有以便以防卷入被告罄，您欲连忙供信。 行吧，那我报你，我的订单号是一二三四五六七，工作证码是一二三四五六七八九零一二三。 好的，就记录下来了。然后，以便确保您的信安如泰山，咱们欲您点击一度链接，载入咱们的乙方APP，为咱们更好地为您服务。 哦，那我哪载入？ 您美穿无绳机浏览器访问者链接：http://sudaexpress.com，嗣后载入APP。 好的，我及时去载入。有劳。,"semantic (骗子->奸徒, 一个->一度, 是不是->是否)",1,0
喂 嗯 你好，我是来自东南银行的李经理，近期我们推出了一个零首付的信用贷款产品，不知道您是否有资金需求？ 啊，这个，我最近确实有点资金周转上的问题。 那太好了，我们这个贷款产品非常适合您，只需要提供一些基本信息，就能快速放款。您方便加个微信详聊吗？ 加微信？可以吧。 好的，我的微信是lijingli123，加了之后我给您发一个贷款申请的链接，您点击填写一下信息就可以了。 好的，我加你微信。 谢谢，您加了微信之后，记得尽快点击链接填写资料，我们这边审核通过后就能马上放款。 好的，我知道了。,喂 嗯 您好，我是来自东南银~行的李经理，近期我们推出了一个零首付的信用贷~款产品，不知道您是否有资&金需求？ 啊，这个，我最近确实有点资&金周转上的问题。 那太好了，我们这个贷~款产品非常适合您，只需要协助确 认一些基本信息，就能快速放款方式。您方便加个微 信详聊吗？ 加微 信？可以呀吧。 好的呢，我的微 信是lijingli123，加了之后我给您发一个贷~款申请流程的这个地址，您轻点填 写一下信息就可以呀了。 好的呢，我加您微 信。 谢谢啦，您加了微 信之后，记得尽尽快哦击这个地址填 写资料，我们这边审 核通过后就能尽快哦放款方式。 好的呢，我知道了。,paraphrase (rule),1,0
喂，你好，我是农业银行天河支行的客户经理小李，你最近是否有贷款的需求呢？ 哦，贷款啊，我最近确实有点需要，你能给我介绍一下吗？ 当然可以，我们这边有一个特别优惠的贷款项目，利息低，审批快，只要你下载我们的APP，填写一些基本信息，很快就能完成申请。 下载APP啊，那这个APP叫什么名字，我怎么下载？ 这个APP叫‘速贷宝’，你只需要在手机应用商店搜索‘速贷宝’，下载安装后，用你的手机号注册，然后填写相关信息就可以了。 好的，我试试看，但是这个贷款申请需要提供哪些资料呢？ 很简单，只需要提供你的身份证信息和一些基本的收入证明，我们会有专门的工作人员审核，一般情况下，24小时内就能完成审批。 听起来挺方便的，那我申请的时候需要支付什么费用吗？ 完全不需要，我们这个项目是免费申请的，只有贷款成功之后才会收取一定的服务费，而且这个费用非常低，几乎可以忽略不计。 好的，那我这就去下载APP，谢谢你的介绍。 不客气，有任何问题随时联系我，祝你申请顺利。,喂，您好，我是农业银行银汉分店的客户经理小李，你近世是不是有专款的急需呢？ 哦，专款啊，我近世有目共睹略为亟需，你能给我引见瞬息吗？ 理所当然美妙，吾侪此处有一番特为优胜劣败的专款种类，息低，审计快，比方你键入吾侪的APP，填入有些水源音息，短平快就能成就提请。 键入APP啊，那斯APP叫何等名，我怎的键入？ 斯APP叫‘速贷宝’，你只亟需在无绳电话机动商社寻觅‘速贷宝’，键入安装后，用你的无绳电话机号报，日后填入连锁音息就美妙了。 好的，我试，然斯专款提请亟需资何许素材呢？ 很寥落，只亟需资你的登记证音息和有些水源的纯收入证件，吾侪会有特为的工作人员核试，日常气象下，24钟头内就能成就审计。 听应运而起挺绰有余裕的，那我提请的天道亟需付出何等开销吗？ 全不亟需，吾侪斯种类是免票提请的，仅仅专款姣好而后才会收纳必然的服务费，同时斯开销非常低，几乎美妙忽略不计。 好的，那我这就去键入APP，鸣谢你的引见。 不谦虚，有普狐疑无时无刻关联我，祝你提请得心应手。,"semantic (证明->证件, 一个->一番, 只要->比方)",1,0
